movie_id,title,genre,release_year
1,Rest.,Horror,1986
2,Sport admit.,Sci-Fi,1987
3,Term reality.,Horror,1981
4,Government your only.,Thriller,2020
5,Her pretty north.,Mystery,1983
6,Class answer continue think.,Sci-Fi,2020
7,This focus thus.,Drama,2004
8,Matter word radio.,Fantasy,2003
9,Record political learn all.,Sci-Fi,1990
10,Fight series.,Thriller,1992
11,Blood consider ok.,Thriller,2023
12,Task movement.,Thriller,1989
13,Nothing organization.,Drama,2024
14,Strong.,Fantasy,2018
15,Bad.,Action,2013
16,Worker suffer.,Sci-Fi,2006
17,Need water.,Fantasy,1980
18,This.,Mystery,1989
19,Attention reason.,Horror,1999
20,Growth financial sort.,Mystery,2021
21,Black generation.,Thriller,1996
22,Suffer dinner itself.,Action,2014
23,A effect.,Thriller,2021
24,Business discuss.,Drama,1988
25,Information ok.,Fantasy,1985
26,Audience little.,Sci-Fi,1994
27,Industry step evening.,Action,2016
28,Bag site room.,Mystery,2011
29,Series play college.,Drama,2019
30,National story.,Drama,1993
31,Read you place.,Action,1986
32,Laugh probably.,Horror,2011
33,Such knowledge.,Romance,1996
34,Grow building hour.,Comedy,1988
35,Key know.,Sci-Fi,1985
36,Tonight short pressure.,Action,2015
37,Pull personal.,Thriller,1986
38,Artist expert meet.,Comedy,1996
39,Sign police how.,Drama,1990
40,Wide Democrat.,Fantasy,2002
41,Oil office detail.,Romance,2006
42,Less.,Drama,2002
43,Start sport area.,Romance,2006
44,Poor how game move.,Drama,2016
45,Specific reduce.,Sci-Fi,2013
46,Modern present.,Drama,2001
47,Institution foot.,Fantasy,2018
48,Form respond mother.,Fantasy,2010
49,Local reality make.,Thriller,1999
50,Clearly skill himself each.,Sci-Fi,1986
51,Recent growth officer.,Horror,1988
52,White.,Fantasy,1995
53,Well nearly baby.,Action,1997
54,Child floor.,Comedy,2018
55,Decision security.,Sci-Fi,2014
56,More daughter town.,Sci-Fi,2015
57,Quite defense present.,Drama,2023
58,Wish.,Thriller,1995
59,Instead catch.,Sci-Fi,2006
60,Blood trouble.,Romance,1996
61,Edge popular they friend.,Romance,2008
62,Pass eat whose.,Horror,1991
63,Degree information.,Romance,2011
64,Customer political voice if.,Comedy,2007
65,Fire cold head other.,Mystery,2019
66,Bed.,Sci-Fi,2006
67,Store administration teach.,Comedy,2008
68,Fine.,Mystery,2012
69,Indicate happen.,Romance,1980
70,Hope husband.,Fantasy,2015
71,Almost building.,Thriller,2010
72,Whether simply eat.,Mystery,2002
73,Surface wall any.,Action,2023
74,Financial treat.,Drama,1995
75,Against along.,Drama,1999
76,Billion there her.,Thriller,2015
77,Degree upon.,Comedy,1985
78,Can simple.,Sci-Fi,1999
79,Name.,Sci-Fi,2014
80,Own power.,Drama,1987
81,Mr maybe remain.,Horror,1987
82,Although safe.,Comedy,2012
83,Card meet.,Mystery,2002
84,Rich entire.,Thriller,2005
85,May join.,Sci-Fi,2017
86,Fact strategy before.,Drama,1980
87,Off service.,Romance,2002
88,Expect stuff become right.,Action,1995
89,Himself democratic.,Sci-Fi,1993
90,View president.,Thriller,2016
91,More land lawyer.,Thriller,2002
92,Single wear news maybe.,Drama,2021
93,Cold live medical.,Sci-Fi,1992
94,Building throughout among.,Action,2021
95,Language financial.,Romance,1994
96,Old fall on.,Drama,1999
97,Range huge of.,Romance,2008
98,Suggest point nearly.,Fantasy,1996
99,Thank sell.,Drama,2003
100,Group too according.,Fantasy,2000
